ProductID,ProductName,Category,Price,StockLevel
1,Itself Gadget,Electronics,335.77,19
2,Also Gadget,Accessories,499.72,98
3,Onto Gadget,Fitness,43.14,139
4,Often Gadget,Accessories,489.04,135
5,A Gadget,Fitness,215.32,20
6,That Gadget,Accessories,437.96,187
7,Benefit Gadget,Accessories,395.55,168
8,Strong Gadget,Electronics,292.17,65
9,Pm Gadget,Fitness,374.46,92
10,Present Gadget,Electronics,441.69,146
11,Public Gadget,Fitness,213.99,108
12,Fly Gadget,Accessories,176.98,158
13,Voice Gadget,Accessories,340.44,82
14,Movie Gadget,Fitness,407.77,165
15,Or Gadget,Electronics,385.9,199
16,Design Gadget,Electronics,402.95,124
17,Real Gadget,Electronics,229.08,16
18,Remain Gadget,Electronics,412.56,89
19,Loss Gadget,Accessories,77.7,153
20,Growth Gadget,Accessories,281.35,106
21,Himself Gadget,Accessories,22.76,13
22,That Gadget,Accessories,175.8,13
23,Arm Gadget,Accessories,195.9,112
24,Technology Gadget,Electronics,210.16,49
25,Dog Gadget,Electronics,353.82,26
26,Three Gadget,Electronics,206.51,110
27,Look Gadget,Electronics,235.37,112
28,Glass Gadget,Accessories,134.02,133
29,Opportunity Gadget,Accessories,199.16,61
30,Speak Gadget,Accessories,129.09,61
31,President Gadget,Fitness,55.13,173
32,Plan Gadget,Electronics,309.66,133
33,Material Gadget,Electronics,340.74,175
34,Sense Gadget,Accessories,317.36,187
35,Realize Gadget,Electronics,242.48,72
36,Himself Gadget,Electronics,202.3,125
37,Sense Gadget,Accessories,434.4,71
38,Local Gadget,Fitness,269.16,16
39,Build Gadget,Fitness,250.01,164
40,Bill Gadget,Fitness,32.31,101
41,Song Gadget,Accessories,183.8,23
42,Reason Gadget,Electronics,202.49,95
43,Doctor Gadget,Accessories,211.43,142
44,Able Gadget,Accessories,298.48,192
45,Growth Gadget,Electronics,276.13,139
46,Hear Gadget,Fitness,311.79,71
47,Themselves Gadget,Fitness,387.14,158
48,Property Gadget,Accessories,410.23,88
49,Such Gadget,Fitness,364.7,158
50,Film Gadget,Accessories,478.65,147
51,Officer Gadget,Accessories,28.75,67
52,Nearly Gadget,Electronics,113.97,129
53,Hour Gadget,Electronics,23.63,176
54,Science Gadget,Electronics,330.79,142
55,Born Gadget,Accessories,451.05,74
56,Answer Gadget,Electronics,136.87,22
57,Watch Gadget,Fitness,464.98,190
58,Community Gadget,Fitness,48.93,91
59,Mind Gadget,Accessories,468.53,182
60,Challenge Gadget,Accessories,188.78,169
61,Term Gadget,Electronics,68.68,173
62,Series Gadget,Accessories,253.22,197
63,Situation Gadget,Accessories,143.25,148
64,Set Gadget,Fitness,156.74,158
65,It Gadget,Fitness,167.5,61
66,Both Gadget,Electronics,405.45,192
67,Environmental Gadget,Accessories,278.8,126
68,Popular Gadget,Accessories,169.43,35
69,Deal Gadget,Fitness,312.96,43
70,Cup Gadget,Accessories,363.75,61
71,Camera Gadget,Fitness,150.86,121
72,Wonder Gadget,Electronics,218.5,91
73,Together Gadget,Fitness,78.51,189
74,Increase Gadget,Accessories,106.95,166
75,Dinner Gadget,Electronics,346.94,175
76,Lot Gadget,Fitness,107.09,51
77,Thank Gadget,Fitness,272.08,30
78,Station Gadget,Electronics,360.34,51
79,Cut Gadget,Electronics,71.3,150
80,Sense Gadget,Fitness,292.31,122
81,Ground Gadget,Accessories,143.15,114
82,Box Gadget,Fitness,482.2,26
83,Sometimes Gadget,Electronics,252.1,129
84,Join Gadget,Fitness,406.88,146
85,Any Gadget,Electronics,284.11,178
86,With Gadget,Electronics,40.84,138
87,Property Gadget,Accessories,323.91,139
88,Third Gadget,Electronics,476.67,69
89,Remember Gadget,Electronics,308.77,57
90,Per Gadget,Accessories,413.21,38
91,Candidate Gadget,Electronics,444.42,106
92,Sport Gadget,Accessories,129.48,19
93,Wait Gadget,Accessories,121.78,67
94,Little Gadget,Electronics,313.27,197
95,Lot Gadget,Electronics,217.29,30
96,Reason Gadget,Fitness,423.13,37
97,Perform Gadget,Accessories,452.01,43
98,Mother Gadget,Fitness,189.64,17
99,Center Gadget,Electronics,133.7,196
100,Moment Gadget,Fitness,394.65,186
101,Above Gadget,Accessories,151.91,88
102,Nice Gadget,Fitness,414.85,154
103,Simply Gadget,Accessories,223.39,197
104,Anything Gadget,Electronics,340.42,96
105,On Gadget,Electronics,65.86,97
106,Worry Gadget,Accessories,319.45,182
107,Lead Gadget,Electronics,236.85,78
108,This Gadget,Electronics,301.57,169
109,Pay Gadget,Electronics,100.65,181
110,Meeting Gadget,Electronics,373.7,96
111,Window Gadget,Accessories,434.14,110
112,Movie Gadget,Fitness,124.04,17
113,Statement Gadget,Fitness,65.94,86
114,Will Gadget,Electronics,31.35,96
115,Whether Gadget,Fitness,328.15,52
116,Cost Gadget,Fitness,311.41,138
117,Role Gadget,Electronics,282.41,118
118,Particular Gadget,Electronics,131.33,188
119,Consumer Gadget,Fitness,207.63,161
120,Side Gadget,Accessories,305.35,161
121,Teacher Gadget,Electronics,258.45,26
122,Career Gadget,Accessories,494.14,142
123,Body Gadget,Fitness,85.49,157
124,Impact Gadget,Electronics,353.67,30
125,Really Gadget,Accessories,214.07,67
126,Plan Gadget,Electronics,225.54,168
127,Police Gadget,Fitness,364.45,119
128,Us Gadget,Accessories,352.37,148
129,Fund Gadget,Fitness,495.8,189
130,Mother Gadget,Fitness,81.63,152
131,Upon Gadget,Electronics,69.97,144
132,If Gadget,Accessories,367.68,37
133,Kid Gadget,Fitness,297.63,60
134,Politics Gadget,Fitness,151.6,195
135,Whole Gadget,Accessories,58.12,14
136,Room Gadget,Fitness,61.12,14
137,Sound Gadget,Fitness,449.21,103
138,Energy Gadget,Accessories,112.1,105
139,Eye Gadget,Accessories,175.22,17
140,Information Gadget,Accessories,128.8,73
141,Gun Gadget,Accessories,190.4,147
142,Financial Gadget,Electronics,53.32,47
143,Local Gadget,Accessories,269.15,120
144,Support Gadget,Electronics,52.45,121
145,Cell Gadget,Electronics,404.17,90
146,Certainly Gadget,Electronics,132.18,145
147,Itself Gadget,Fitness,279.21,113
148,Play Gadget,Electronics,442.44,162
149,Scene Gadget,Electronics,332.42,82
150,Various Gadget,Fitness,275.82,187
151,Smile Gadget,Fitness,175.68,58
152,Music Gadget,Fitness,179.84,45
153,Firm Gadget,Accessories,341.35,135
154,Threat Gadget,Fitness,497.19,77
155,Science Gadget,Fitness,337.68,87
156,Officer Gadget,Electronics,287.74,114
157,Traditional Gadget,Fitness,370.71,178
158,Former Gadget,Accessories,243.3,131
159,Seek Gadget,Fitness,48.87,128
160,Since Gadget,Accessories,289.9,199
161,Worry Gadget,Fitness,479.66,123
162,On Gadget,Fitness,104.15,19
163,Project Gadget,Fitness,351.2,158
164,Director Gadget,Fitness,116.45,173
165,Deep Gadget,Accessories,277.2,149
166,Determine Gadget,Accessories,66.4,100
167,Probably Gadget,Electronics,236.18,11
168,Send Gadget,Accessories,382.96,127
169,Fill Gadget,Fitness,186.83,22
170,Right Gadget,Electronics,339.16,190
171,Hair Gadget,Electronics,401.82,169
172,Will Gadget,Electronics,465.05,104
173,Remember Gadget,Fitness,132.63,153
174,Cause Gadget,Accessories,211.67,41
175,See Gadget,Fitness,93.16,41
176,Rate Gadget,Electronics,496.39,133
177,Could Gadget,Fitness,464.96,20
178,Most Gadget,Fitness,279.18,19
179,Occur Gadget,Accessories,424.18,24
180,Rule Gadget,Accessories,270.06,26
181,Public Gadget,Electronics,319.32,177
182,Future Gadget,Fitness,62.78,155
183,See Gadget,Fitness,382.53,192
184,Business Gadget,Accessories,81.3,162
185,Sort Gadget,Fitness,416.51,68
186,He Gadget,Fitness,395.37,87
187,Or Gadget,Fitness,360.2,133
188,Media Gadget,Accessories,37.36,123
189,Pass Gadget,Electronics,165.5,31
190,Own Gadget,Electronics,146.29,167
191,Yes Gadget,Fitness,192.87,181
192,Region Gadget,Electronics,62.07,41
193,See Gadget,Accessories,469.74,188
194,Key Gadget,Accessories,285.83,183
195,Represent Gadget,Electronics,166.65,122
196,Small Gadget,Electronics,210.55,129
197,Wall Gadget,Fitness,234.66,158
198,Thought Gadget,Electronics,308.29,131
199,None Gadget,Fitness,267.53,41
200,Feeling Gadget,Fitness,461.31,128
201,Understand Gadget,Accessories,258.54,48
202,Throw Gadget,Accessories,496.24,21
203,Knowledge Gadget,Accessories,428.68,184
204,System Gadget,Accessories,120.09,27
205,Add Gadget,Electronics,466.69,158
206,Necessary Gadget,Accessories,75.86,150
207,Both Gadget,Electronics,412.38,158
208,Ago Gadget,Accessories,202.7,135
209,I Gadget,Electronics,441.43,145
210,Check Gadget,Fitness,436.67,55
211,Argue Gadget,Electronics,406.84,113
212,Religious Gadget,Electronics,399.21,144
213,Arrive Gadget,Accessories,166.25,160
214,Decision Gadget,Electronics,58.84,95
215,Example Gadget,Fitness,213.43,159
216,Social Gadget,Fitness,103.29,98
217,Stock Gadget,Accessories,353.58,31
218,College Gadget,Fitness,186.13,101
219,Few Gadget,Electronics,488.29,38
220,Result Gadget,Fitness,327.67,22
221,Enough Gadget,Accessories,414.79,11
222,Child Gadget,Electronics,83.61,38
223,Those Gadget,Accessories,433.77,189
224,Assume Gadget,Electronics,462.92,36
225,Rock Gadget,Fitness,253.79,59
226,Still Gadget,Accessories,311.0,104
227,Find Gadget,Accessories,387.11,160
228,Democrat Gadget,Electronics,103.92,97
229,Some Gadget,Accessories,261.23,53
230,Number Gadget,Electronics,211.36,31
231,Alone Gadget,Electronics,90.26,180
232,Her Gadget,Electronics,196.42,174
233,Teach Gadget,Electronics,52.72,198
234,Local Gadget,Fitness,32.39,106
235,Blue Gadget,Electronics,84.88,193
236,Power Gadget,Accessories,482.3,12
237,Trip Gadget,Fitness,283.77,127
238,Republican Gadget,Accessories,483.59,28
239,Sister Gadget,Fitness,227.6,32
240,Or Gadget,Electronics,169.67,166
241,Treatment Gadget,Fitness,262.95,39
242,Door Gadget,Fitness,230.97,48
243,Situation Gadget,Accessories,70.72,117
244,Radio Gadget,Accessories,327.6,120
245,Option Gadget,Electronics,123.7,34
246,Improve Gadget,Fitness,317.4,137
247,Economy Gadget,Fitness,332.1,120
248,Much Gadget,Fitness,92.97,145
249,Still Gadget,Electronics,49.45,115
250,Style Gadget,Electronics,394.77,195
