SupplierID,CompanyName,ContactName,Phone,Location
1,Daniels and Sons,Melissa Davis,(565)045-5478x13767,Coxport
2,Huang LLC,Matthew Miranda,266-299-1234x7851,North Elizabethside
3,Clayton-Martinez,Travis Thomas,001-610-646-2879,West Michael
4,"Wright, Wise and Ramos",Deanna Cox,001-232-648-7049x47873,Juliashire
5,"Vang, Gonzalez and Moss",Thomas Rivera,0244714627,Johnview
6,Boyd and Sons,Erika Freeman,001-301-471-9597x964,New Patrick
7,Price-Ali,Brian Mendoza,+1-715-890-4290x2572,East Crystalville
8,Moore-Chandler,Diane Bailey,(204)565-0448x183,New Tanyaborough
9,"Pineda, Meyer and King",Katie Sullivan,001-219-285-5445x18952,Lake Sean
10,"Evans, Ward and Williams",Ashley Hawkins,2845765213,North Shellymouth
11,"Robinson, Rodriguez and Chen",Eric Murray,(833)898-8816,Jessicaborough
12,Smith-Bauer,Cynthia Sanchez,112.075.4527x985,North David
13,"Wilson, Mccormick and Smith",John Jones,(401)322-3423,Pierceview
14,Perkins Ltd,Michael Reynolds,(161)107-6031,Patriciamouth
15,Barker-Moore,Ms. Gloria Benson,8907140140,South Carloschester
16,Wright Group,Michael Stevenson,001-119-393-2501x24955,East Carolberg
17,Parks LLC,Sara Wilson,(893)891-1908,Brandonshire
18,"Brown, Kelly and Moore",Erika Davis,342.801.3875,Port Teresaborough
19,"Moody, Martinez and Hall",Eric Sullivan,001-927-125-6638x361,Simpsonside
20,"Kramer, Sherman and Trujillo",Melissa Carlson,001-517-182-7548x01571,East Samuelhaven
21,Quinn-Smith,Erin Newman,(479)473-8646x3175,Hartfurt
22,Howard-Taylor,Daniel Taylor,(071)678-1126,Lawsonborough
23,Washington Group,Nicole Pacheco,(912)153-5396x1367,North Ernest
24,"Phillips, Terry and Lopez",Mary Chavez,994-657-9678x427,New Heather
25,Stephens LLC,Luis West,147-732-0101,Gordonhaven
26,"Mcdonald, Dillon and George",Shawn Evans,026.952.4991x1877,Kevinbury
27,"Martin, Schmidt and Cole",Meghan Sellers,477.848.5880,Jeanetteside
28,Weaver-Gibson,Michelle Herman,001-061-675-6770x02842,East Jeffreyside
29,"Hunter, Gross and Andrade",Lauren Carr DDS,624.671.9788x9778,West Benjamin
30,"Vincent, Parsons and Allen",Sarah Brown,(806)479-6954,West Sara
31,"Brown, Coffey and Fuentes",Tracy Smith,009-025-5905x61655,Morganton
32,Warren Group,Veronica Rodriguez,(503)334-9114x15208,Port Jason
33,"Moore, Campbell and Ortiz",Andre Reynolds,076-986-4079x05696,North Deborahstad
34,Rodriguez-Mills,Lori Joseph,917-135-7852x94563,Christopherside
35,Williams and Sons,Jeffrey Clark,183.440.4963x9191,Jenniferchester
36,Russo and Sons,Charles Peters,001-541-987-6351,Markton
37,Washington Inc,Heather Butler,+1-484-685-3664x9878,Port Michaelview
38,Duncan Group,Shane Martinez,(082)973-7489,West Teresa
39,"Burns, Hanson and Garza",Matthew Thomas,001-690-835-7232x46651,Lake Juliefurt
40,Diaz PLC,Mary Proctor,+1-364-424-9363x1230,Mollyside
41,"Jones, Conrad and Clark",Chad Shaffer,477.866.0324,Port Scott
42,Hebert-Collier,Stephanie Dominguez,(044)820-7001,Josephshire
43,Owen-Brown,Lisa Gibson,941-651-6231x98189,Moorebury
44,"Paul, Zamora and Short",Robert Cruz,001-847-139-1559x63632,Richardsonfort
45,"Brown, Jensen and Rice",Jeff Smith,234-764-9078,South Hunterburgh
46,"Jones, Torres and Blackburn",Dr. Michael Adams DVM,(158)673-4257x540,East Ashley
47,"Davis, Hardy and Schmidt",Amanda Johnson,+1-900-348-6451x8376,Lake Julian
48,Lee Ltd,Mr. Kevin Nixon,6441343275,Frankburgh
49,Hudson and Sons,Nicholas Fox,001-604-177-6561x24815,Mcdanielborough
50,"Curry, Perry and Garcia",Nicole Ramirez,(985)700-2720x63459,East Charlesbury
51,"Ray, Craig and Park",Kelly Bishop,123-829-6577,Stoutfurt
52,Andrade-Jackson,Mark Alvarado,001-242-954-3165x2669,Lake Alisontown
53,Pierce PLC,Melinda Ryan,008.931.7342,South Patrickville
54,Sandoval-Ferguson,Lisa Berger,6969421529,Port Mariaton
55,"Ramos, Gomez and Edwards",Alexandra Gibson,086-771-3334,East Kayla
56,Kirk-Gutierrez,Laura Rivera,762-639-3436x2620,Douglastown
57,"Jordan, Swanson and Franklin",William Phillips,439-735-9710x7256,Port Danielmouth
58,"Gardner, Brooks and Pierce",Michael Harper,+1-366-941-1800x53759,East Donaldshire
59,"King, Nixon and West",Richard Green,+1-900-489-6465x28092,Ochoaport
60,Smith-Johnson,Laura Berry,287-572-1586x241,Timothybury
61,Larson-Holmes,Dorothy Mclaughlin,027-456-4494x85625,New Heatherside
62,Smith-Joyce,John Martinez,001-728-703-2032x0742,North Malloryville
63,Foley Inc,Richard King,001-761-707-5877x712,Curtischester
64,"Short, Ellison and Dixon",Denise Scott,513-422-8499,North Rhonda
65,"Howe, Moore and Johnson",Lindsey Kent,908.926.1371,East Ronaldberg
66,Moore-Baker,Mary Wood,041-659-1520x17774,Dianabury
67,"Wright, Scott and Evans",Richard Young,+1-050-975-9230x450,Mcdanielville
68,"Ross, Hardin and Navarro",Joseph Johnson,001-189-616-4236x1032,Jacksonville
69,"Nguyen, Olson and Freeman",Dr. Linda Underwood,(642)147-6492x5158,North Stephanie
70,"Warner, Weiss and Davis",Nicole Gutierrez,776.749.9616,Michaelmouth
71,"Evans, Cross and Johnston",Matthew Barber,(926)610-8573x278,West Sandraland
72,Deleon LLC,Kenneth Wilkinson,+1-814-761-7422x4386,New Edwardchester
73,Hobbs-Hamilton,Dennis Weiss,908-108-1866x1794,Carolchester
74,Kane and Sons,John Alvarez,(491)801-7226x016,Lake Gloria
75,"Delgado, Guzman and Smith",Travis Nielsen,001-459-779-4523x219,Michaelville
76,"Reyes, Torres and Williams",Michael Price,168-006-1027x769,Sabrinastad
77,"Cunningham, Murphy and Wolfe",Joseph Graham,001-749-956-4122x0310,Lisaland
78,Williams Ltd,Robert Reyes,001-303-723-6831x472,Port Sarahberg
79,Maddox-Mullins,Joseph Blanchard,601.227.7707x9334,West Dylan
80,"Wagner, Walker and Roberts",Joseph Gomez,001-605-016-6799,Griffithfort
81,Hernandez-Rogers,Lisa Pearson,001-840-767-8997x3080,North Beckyview
82,Duncan-Williams,Devin Lang,(958)146-7179x57602,North Marcus
83,Baker-Ross,Kevin Murray,375-738-3959x7246,East Katrina
84,Ayala-Anderson,Dana Powers,(572)934-1722x32971,Luischester
85,Castillo and Sons,Kelly Byrd,(743)380-0545x22801,Steelechester
86,Foster-Duncan,Emily Smith MD,619-318-3745x50842,Devonbury
87,"Gilbert, Fitzgerald and Sanchez",Jason Fox,001-891-077-1199x180,Barnesfort
88,Adams Group,Heather Hardy,121.352.4787x12552,Patelbury
89,Cohen-Johnston,Andrew Harvey,376-037-5482,Millerchester
90,Powers Group,Kristopher Shannon,456-532-8632,Lake Christopher
91,Bailey-Flores,Kyle Martinez,(667)850-7208x11556,Aarontown
92,"Rios, Carrillo and Jackson",Angelica Jacobs,001-260-602-9084x66845,Angelaberg
93,Jensen-Branch,Phillip Wong,(048)926-7389x975,North Rhondastad
94,Hanson-Alexander,Cathy Rodriguez,+1-634-108-5628x8431,West Steven
95,Gonzalez LLC,Edward Guerrero,848.520.0894x34681,Sanchezbury
96,Todd Inc,Jesse Carney,001-054-851-0174x9075,Lake Devinberg
97,Singh and Sons,Melissa Contreras,998.935.4492,Quinnchester
98,"Mcintosh, Melton and Wilkins",Dawn Norman,001-683-158-9357x126,Brianville
99,Cooper Inc,Antonio Price,(110)627-3715x86988,South Maryburgh
100,Cole-Johnson,Deanna Hess MD,001-649-767-7622x82772,East Michaelland
101,Singh and Sons,William Gonzalez,001-881-377-0285x196,North Alexander
102,Payne LLC,Matthew Rodriguez,159-408-2154,Hernandezburgh
103,"Webb, Blair and Thomas",Jessica Mendez,(447)022-9604x432,Manninghaven
104,"Barnett, Bennett and Escobar",Jeremy Green,001-701-851-0679x4975,Theodoremouth
105,"Williams, Jackson and Campbell",Benjamin Luna,(792)287-7725x1996,Harringtontown
106,"Williamson, Brown and Pena",Alicia Jimenez,(365)807-4120x9481,Danielton
107,Jones Ltd,April Johnson,+1-813-989-0983x7801,New Karenhaven
108,Alvarado-Durham,Christian Rivera,+1-820-433-9718x95690,North Randy
109,Lin-Smith,Aaron Zimmerman,056.260.8564x1118,Fraziermouth
110,"Hughes, Whitney and Romero",Karen Powell,(422)412-4620,Samanthahaven
111,"Garcia, Stewart and Delacruz",Robin Jones,+1-520-046-1526x546,Jennachester
112,"Miller, Gonzalez and Rasmussen",James Norris,033-993-7886,West Teresa
113,"House, Smith and Wright",Barbara Nichols,405-786-1706,Spenceberg
114,"Torres, Burns and Garner",Felicia Turner MD,+1-304-891-3824x9671,South Christine
115,Reed LLC,Maria Diaz DVM,+1-832-582-3868x7007,South Isaiah
116,Garrett-Young,Ryan Hodges,+1-420-074-9465x398,Port Heatherfort
117,"Hill, Brown and Scott",Dale Spencer,028-914-1612x8463,Denisefurt
118,Zamora-Briggs,Mary Evans,+1-855-474-3553x795,Martinstad
119,Raymond LLC,Brian Barker,2097002687,Leeville
120,Hernandez Group,Dr. Jeffrey Lopez,001-681-180-7156x95620,North Michaelmouth
121,"Taylor, Blair and Meyer",Alexander Davies,753-703-0453,East Julianside
122,"Salazar, Garrett and Perez",James Sparks,943-375-0479,North Jasontown
123,Berry Group,Kathryn Hanna,036.149.8728,Jacobborough
124,Browning-Murphy,Tracy Smith,999.219.2124,East Josephshire
125,"Anderson, Delgado and Carpenter",George Le,001-384-308-9487,New Valeriefort
126,"Mcbride, Huffman and Parker",Daniel Valdez,6056641877,North Leonardport
127,"Roach, Browning and Jordan",Teresa Berg,(803)046-8750x635,West Karenfurt
128,Douglas PLC,Natalie Hall,903-613-3254,West Karen
129,Stewart PLC,Nicolas Burns,107-609-5431,Terriville
130,"Fry, Wilson and Stewart",Terry Montgomery,350.583.1997x1791,Richardhaven
131,Acosta LLC,Matthew Smith,006-512-0704,New Lindseyberg
132,Ali-Turner,Summer Hoover,+1-611-080-4661x963,New Laurafort
133,"Peck, Shannon and Mahoney",Logan Conley,+1-907-676-9915x078,West Evanmouth
134,Hernandez-Lopez,Robert Wilson,931-109-1939x28456,Lake Christopherbury
135,Lopez PLC,Lisa Brown,972.320.0249x6854,Port Erin
136,"Adams, Bradley and Hall",George Huff,001-822-749-5450,Port Jennifer
137,Hall Inc,Jennifer Martinez,920.388.0653x33153,Sethberg
138,Miller-Chan,Kimberly Morris,+1-779-599-5946x52170,Kellychester
139,Shaw PLC,Cindy Williams,303.379.3375x6362,Lake Kimfurt
140,Joseph-Brooks,Arthur Hill,5015081247,East Wendy
141,Henry-Taylor,Carol Wood,950.033.4234,East Ashleyfort
142,Perez Group,David Perkins,001-258-323-0241x0261,Port Alexisport
143,Schaefer Group,Richard Chen,347-355-2896x11223,South Clintonmouth
144,Newton and Sons,Christopher Hobbs,865.596.3099,West Evan
145,Jones Group,Adam Howe,842.530.4289,Barbarastad
146,"Burns, Nguyen and Ellis",Linda Campbell,317.912.8685x7872,North Haroldmouth
147,Patterson Inc,Rebecca Alvarez,587-774-9690x33373,Valerieview
148,"Moss, James and Edwards",Charles Nelson,(346)692-5481x2147,Santosberg
149,"Crosby, Armstrong and Herrera",David Thompson,539.078.9567x76657,New Tracystad
150,"Liu, Buchanan and Meyer",Linda Love,460-273-4151x48881,Richardberg
151,Bryant-Rich,Anita Serrano,311-150-8353x544,Richardsonmouth
152,Stone Group,Jason Grant,001-439-284-0445x6690,Christopherchester
153,"Williams, Hughes and Hubbard",William Davila,826.333.7389x8775,Bakerton
154,Lee Group,Shari Hatfield,536-637-7805,Lake Krystalside
155,Wilkerson-Ayala,Julie Sims,(924)075-5366,East Melissaport
156,Murray-Henderson,Anthony Rodriguez,+1-684-590-9022x59999,Moorefurt
157,"Ellison, Vaughn and Mckee",Ryan Pruitt,(636)186-3715x9741,East Paulmouth
158,Gallegos-Hayes,Christopher Livingston Jr.,(182)097-0231,West Stevenside
159,"Mason, White and Richards",Daniel King,(433)481-7058x0256,Rodriguezburgh
160,"Payne, Long and Morris",Stefanie Chavez,(212)867-1632x3467,South Kaylaborough
161,White PLC,Anthony Medina,(994)938-7430,Murphymouth
162,"Huang, Khan and Davis",Allen Robertson,(716)938-5977,Wendyfort
163,Holt-Meadows,David Wallace,901.475.4692x632,Lake Judith
164,Higgins Inc,Jennifer Burgess,+1-676-291-6032x484,West Shawnside
165,Wilson Group,Crystal Rodriguez,+1-137-681-5118x56724,South Dustin
166,"Cox, Mills and Cruz",David Gutierrez,807.017.6563,West Ashley
167,"Salazar, Moore and Pierce",Steven Jones,(004)125-7771x1837,Brownstad
168,Tate LLC,Amy Graham,(742)209-1241,Irwinborough
169,"Savage, Huffman and Martin",Leon Thompson,+1-621-042-7523,East Mirandachester
170,White Ltd,Jimmy Lee,001-083-708-1647x090,Johnnyburgh
171,Barnes LLC,Derrick Rogers,6335331060,East Chadfurt
172,"Mack, Griffin and Sims",Keith Ramirez,5313122068,West Morganmouth
173,Roach and Sons,John Barnes,558-393-8661,Warrenview
174,Dean LLC,Colleen Phillips,315.520.6506,Port Brian
175,Ellis Group,Robert Cisneros,731.495.0136,Petersonport
176,"Aguirre, Franklin and Snyder",Laura Tran,971-892-4195x6252,East Michael
177,Chapman Group,Jason Boyd,+1-571-509-9768x3890,Olsonside
178,Ortiz-Miller,Cindy Wells,091.436.3910,Lake Samuel
179,"Smith, Khan and Ramirez",Adrian Patterson,(574)326-3039,Morrowside
180,"Grant, Bryan and Williams",Danielle Hamilton,524.508.6403x553,North Jennifer
181,Brown LLC,Timothy Shah,803.396.8527,West Elizabeth
182,Thomas Inc,Stephanie Butler,+1-017-130-2321x2983,Alexismouth
183,"Lane, Morrison and Rivera",William Quinn,816.742.3362,South Michelle
184,Williams Group,Jessica Foster,+1-344-973-4715x662,Port Tarachester
185,Martin LLC,Melissa Garcia,768.962.7066x1498,Abigailtown
186,"Guerrero, Graves and Armstrong",Bradley Mullins DDS,(824)674-7468,Hardingberg
187,"Thompson, Gibson and Riley",Daniel Howard,+1-715-273-2300x857,Fowlershire
188,Davis LLC,Zachary Smith,(665)674-9160x1692,North Jefferyborough
189,Richardson-Gray,Candice Stevens,645.875.0663,Hortonburgh
190,Chang PLC,Lauren Bray,705.024.9724,Robinsonborough
191,Carter and Sons,Charles Warner,992.011.6691,Lake Barbara
192,Neal LLC,Seth Sims,362.644.8869x46119,West Lisatown
193,Rose-Warren,April Burton,001-524-364-0270x11686,Peggyhaven
194,"Clark, Brown and Duncan",Michael Schmidt,+1-462-252-2372x8179,Lake Victormouth
195,"Rice, Miller and Ramsey",Paul Wolfe,230.234.6791,Jenkinsstad
196,"Peck, Andersen and Mitchell",Laura Clark,+1-214-161-4150x9377,Millsmouth
197,"Abbott, Green and Andrews",Lisa Rogers,+1-100-409-0138x06984,East Stephenstad
198,"Gomez, Anderson and Hart",Kayla Kent,759.655.5535x6690,New Brooke
199,"Daniel, Jimenez and Morton",Anthony Reyes,(510)762-0918x435,Jameschester
200,"Hall, Roberts and Lee",Andrew Richardson,978.630.5050x573,Jacquelineville
201,Johnson Ltd,Michele Castro,+1-769-156-7164x932,Port Maryland
202,Mclaughlin and Sons,Brenda Rogers,980.271.4872x71783,New Sarahville
203,"Duarte, Gutierrez and Cook",Mariah Mclaughlin,321.160.2564,Bradyside
204,"Shaffer, Lewis and Davidson",Shelby Warner,471.287.1539,Lake Seanshire
205,"Campbell, Tyler and Parker",Paige Flores,001-915-668-6334x14111,Lake Kellychester
206,"Pierce, Wang and Wilson",Kathy Henderson,931-952-5690x40983,East Kimberly
207,Peterson-Ramsey,Jake Chavez,(655)289-9316x0875,Wilsonfort
208,"Choi, Collier and Lee",Sandra Harrison,(437)729-4209,West Tammymouth
209,Nielsen-Mendoza,Samantha Lam,481-497-3746x05233,Odonnellfurt
210,Robles-Brewer,Jacob Nunez,001-027-642-0865x675,West Kimberlyhaven
211,Moore-Murray,Vanessa Ware,001-661-844-3861x25904,Josephview
212,"Huang, Ford and Olsen",Stephen Miller,292.774.2333x059,Marychester
213,"Brown, Meyer and Cunningham",Christopher Mullen,266-201-5720,North Rachel
214,"Stewart, Herrera and Clark",Christopher Rodriguez,859-626-3013,Johnsontown
215,"Rivera, Hendricks and Flynn",Chris Harris,(749)261-7647x5011,Port Nicholas
216,Montes LLC,Alison Butler,178-309-9974,Matthewshire
217,Morgan Group,Tara Wells,001-192-676-4921x518,Allenfurt
218,"Ferguson, Martin and Obrien",Oscar Smith,(606)888-7189,New Deanna
219,Larson LLC,Alex Pham,+1-131-292-0875,Port Sarahchester
220,"Hodge, Mckinney and Nelson",Kelly Rogers,029-321-8401,Lake Peter
221,Crawford and Sons,Mary Buchanan,845-826-0340,South Rebecca
222,Hayes-Sampson,Mr. Joseph Kelley,487.297.5859x88310,South Jerry
223,Warren and Sons,Keith Villanueva,032.432.9839,New David
224,Brooks Inc,Richard Perez,(429)618-4462x671,Cameronview
225,Gentry Group,Dwayne Bruce,628-314-3598x926,West James
226,"Johnson, Webb and Porter",Duane Huber,(566)093-1418,North Samuelshire
227,Peterson Group,Caitlyn Nichols,861-515-5423,North Christine
228,"Russo, Collins and Murphy",Christopher Erickson,016-361-1284x971,New Patrickberg
229,Short PLC,Rebecca Martin,594.849.1025x62588,Waltersstad
230,"Haney, Harris and Johnson",Xavier Andrews,+1-679-240-8222x694,East Denise
231,Reeves-Boyd,Jacob Harris,5396727578,West James
232,Collins Inc,Mary Spence,468-341-4651x1131,Lake Kimberly
233,"Charles, Wiggins and Cook",Jerry Cantrell,(901)487-0682,Townsendton
234,Garcia Ltd,Barbara Johnson,788.160.9306x8538,Christopherberg
235,"Edwards, Lane and Collins",Patricia Gould,+1-909-728-3215x28506,Lake Traciville
236,Flores and Sons,Brittney Cordova,625.153.8144x7443,South Saraville
237,Hill-Flores,Katie Holland,9634807970,East Justinburgh
238,Lambert-Nelson,Steven Montes,(097)545-1052x650,North Troystad
239,Hill Inc,Wendy Estrada,673-188-2617,South Craig
240,"Castro, Garcia and Daniels",Monica Nielsen,2437654562,South Charlesland
241,"Flores, Thomas and Bush",Brian Mendoza,+1-417-722-5605,Lake Robert
242,Andrews-Jackson,Michael Wilson,001-313-402-6650x237,Cynthiamouth
243,Austin-Morgan,Luke Robinson,+1-416-787-2568x62110,East Kent
244,Williams-Johnson,Gabriel Franklin,(258)030-5690,Lake Ashley
245,"Williams, Reyes and Miller",Joseph Harrington,(744)716-3928x23414,North Theresastad
246,White-Carlson,Christina Miller,001-363-718-9239x231,Cooleyside
247,"Soto, Vaughn and Griffin",Megan Rosario,(604)326-0931,East Aimeeview
248,Edwards-Roth,Jennifer Henry,6684335670,East Catherineside
249,"Chang, Lamb and Miller",Kayla Brown,604.145.4563x50200,New Williamberg
250,Bradley-Davis,Jennifer Baldwin,5347491624,Port Michael
